id,title,release_date,popularity,vote_average,vote_count,original_language,genre
83533,Avatar: Fire and Ash,2025-12-17,562.7489,7.3,689,en,Science Fiction
982843,The Great Flood,2025-09-18,450.9306,6.127,268,ko,Science Fiction
1228246,Five Nights at Freddy's 2,2025-12-03,381.5918,6.782,353,en,Horror
1084242,Zootopia 2,2025-11-26,367.8471,7.636,752,en,Animation
425274,Now You See Me: Now You Don't,2025-11-12,298.8916,6.503,643,en,Thriller
1512623,Risqué,2025-08-01,267.4851,4.9,4,en,Action
1247002,The Old Woman with the Knife,2025-04-30,254.9502,6.6,42,ko,Action
1439112,Muzzle: City of Wolves,2025-11-13,250.3197,6.84,50,en,Action
1511417,Bāhubali: The Epic,2025-10-29,241.3287,7.3,7,te,Action
1223601,Sisu: Road to Revenge,2025-10-21,226.6661,7.5,308,fi,Action
1336189,Delivery Run,2025-09-10,203.8989,5.5,20,en,Action
1013446,Reflection in a Dead Diamond,2025-06-25,198.5487,5.949,49,fr,Action
755898,War of the Worlds,2025-07-29,190.0437,4.245,797,en,Science Fiction
1195518,The Unholy Trinity,2025-06-13,179.6069,6.229,105,en,Western
1196067,Worldbreaker,2025-10-30,154.5444,5.879,33,en,Science Fiction
812583,Wake Up Dead Man: A Knives Out Mystery,2025-11-26,142.9755,7.192,1178,en,Thriller
1491902,Bang,2025-07-11,137.5458,6.375,20,th,Action
798645,The Running Man,2025-11-11,137.111,6.837,763,en,Action
1419406,The Shadow's Edge,2025-08-16,134.4761,6.6,179,zh,Action
1589891,A Time for Bravery,2025-12-18,129.4443,7.663,43,es,Comedy
533533,TRON: Ares,2025-10-08,122.1092,6.586,821,en,Science Fiction
19995,Avatar,2009-12-16,121.8081,7.597,33039,en,Action
1242898,Predator: Badlands,2025-11-05,117.0998,7.327,686,en,Action
1259102,Eternity,2025-11-26,115.8515,7.0,139,en,Romance
1387382,Hunting Season,2025-12-05,106.8228,7.243,72,en,Action
1103437,Please Don't Feed the Children,2025-07-03,119.6423,6.136,33,en,Horror
1438030,Slaughterhouse 2,2024-10-23,98.5636,8.0,2,en,Horror
1218925,Chainsaw Man - The Movie: Reze Arc,2025-09-19,96.8166,8.277,497,ja,Animation
1311031,Demon Slayer: Kimetsu no Yaiba Infinity Castle,2025-07-18,93.438,7.635,613,ja,Animation
1180831,Troll 2,2025-11-30,85.1724,6.623,305,no,Action
1214931,Nuremberg,2025-11-06,90.4321,7.204,174,en,History
1083637,Kantara - A Legend: Chapter 1,2025-10-01,76.9066,7.019,54,kn,Action
1054867,One Battle After Another,2025-09-23,81.1156,7.48,2040,en,Thriller
772,Home Alone 2: Lost in New York,1992-11-15,80.5602,6.772,10292,en,Comedy
8871,How the Grinch Stole Christmas,2000-11-17,80.2062,6.8,8047,en,Family
1468057,GATAO: Big Brothers,2025-08-21,73.0081,6.2,5,zh,Crime
1368166,The Housemaid,2025-12-18,88.146,7.742,60,en,Mystery
1062722,Frankenstein,2025-10-17,79.2116,7.711,2389,en,Drama
1162858,The Other,2025-04-26,71.9136,5.663,40,en,Horror
1033462,Bureau 749,2024-10-01,74.9889,6.227,66,zh,Action
1234731,Anaconda,2025-12-24,73.1359,6.6,30,en,Adventure
1468057,GATAO: Big Brothers,2025-08-21,73.0081,6.2,5,zh,Crime
1162858,The Other,2025-04-26,71.9136,5.663,40,en,Horror
1149167,High Rollers,2025-03-14,71.463,6.586,93,en,Action
1246049,Dracula,2025-07-30,71.2915,7.137,662,fr,Horror
980477,Ne Zha 2,2025-01-29,69.7693,8.098,523,zh,Animation
1291608,Dhurandhar,2025-12-05,66.7882,6.4,117,hi,Action
1539104,JUJUTSU KAISEN: Execution -Shibuya Incident x The Culling Game Begins-,2025-11-07,66.3761,5.29,69,ja,Animation
269149,Zootopia,2016-02-11,66.3243,7.757,17360,en,Animation
803796,KPop Demon Hunters,2025-06-20,66.0385,8.172,2089,en,Fantasy
575265,Mission: Impossible - The Final Reckoning,2025-05-17,64.3638,7.243,2259,en,Action
1317288,Marty Supreme,2025-12-19,62.5116,8.0,15,en,Drama
1015539,Santastein,2024-11-25,62.045,4.7,6,en,Horror
1422096,Good Boy,2025-10-01,61.8542,6.749,403,en,Horror
1061474,Superman,2025-07-09,60.6303,7.391,4038,en,Science Fiction
991494,The SpongeBob Movie: Search for SquarePants,2025-12-16,60.439,6.9,21,en,Animation
10437,The Muppet Christmas Carol,1992-12-11,60.0327,7.43,1116,en,Music
1217602,London Calling,2025-09-18,57.369,7.0,59,en,Action
1448560,Wildcat,2025-11-19,56.5994,6.3,53,en,Action
1033148,Die My Love,2025-10-06,55.1958,6.34,234,en,Drama
346364,It,2017-09-06,54.5141,7.238,19927,en,Horror
617126,The Fantastic 4: First Steps,2025-07-23,54.5065,7.0,2692,en,Science Fiction
1363123,The Family Plan 2,2025-11-11,54.013,6.634,400,en,Action
967941,Wicked: For Good,2025-11-19,53.6825,6.762,494,en,Fantasy
701387,Bugonia,2025-10-23,52.8039,7.41,931,en,Science Fiction
1266990,Kulong,2024-05-24,52.3613,6.0,7,tl,Drama
1234821,Jurassic World Rebirth,2025-07-01,51.6554,6.371,2658,en,Science Fiction
1116465,A Legend,2024-07-05,50.8648,6.862,130,zh,Action
1286185,The Carpenter's Son,2025-11-13,50.4585,5.0,27,en,Horror
24428,The Avengers,2012-04-25,50.3471,7.885,34644,en,Science Fiction
1415974,Raat Akeli Hai - The Bansal Murders,2025-12-18,49.9681,7.3,8,hi,Thriller
1230368,Springsteen: Deliver Me from Nowhere,2025-10-22,49.3636,6.955,134,en,Drama
1119090,I Am Frankelda,2025-10-23,49.1913,8.593,43,es,Animation
845781,Red One,2024-10-31,48.8686,7.024,2840,en,Action
1420733,The Cursed: Insatiable Desires,2025-09-17,48.7446,6.25,4,ko,Horror
1197137,Black Phone 2,2025-10-15,47.2065,6.847,747,en,Horror
911430,F1,2025-06-25,46.5002,7.8,2876,en,Action
507089,Five Nights at Freddy's,2023-10-25,45.9118,7.369,4763,en,Horror
1288072,Keeper,2025-11-12,45.9059,5.5,79,en,Horror
23527,First Squad: The Moment of Truth,2009-05-13,45.4079,6.248,139,ru,Fantasy
1435092,Goodbye June,2025-12-12,45.3943,6.87,23,en,Drama
1403735,Laila,2025-02-14,44.4663,5.2,6,te,Comedy
1309012,Altered,2025-09-18,44.3101,6.224,67,en,Science Fiction
474350,It Chapter Two,2019-09-04,44.1001,6.838,9339,en,Horror
157336,Interstellar,2014-11-05,44.0662,8.5,38461,en,Adventure
360920,The Grinch,2018-11-08,43.8812,6.87,4329,en,Family
1010581,My Fault,2023-06-08,41.2148,7.765,3947,es,Drama
1469354,Border Hunters,2025-10-20,41.1431,6.8,16,en,Action
1379963,Tell Me Softly,2025-12-11,40.8256,6.06,67,es,Romance
1327862,Regretting You,2025-10-22,40.2189,6.998,204,en,Romance
1087192,How to Train Your Dragon,2025-06-06,39.2446,7.972,2307,en,Fantasy
1134463,Dreams,2025-07-10,38.9924,5.7,13,es,Drama
1038392,The Conjuring: Last Rites,2025-09-03,38.0701,6.937,1489,en,Horror
1370124,Sin cobertura,2025-08-22,37.9684,4.818,11,es,Comedy
562,Die Hard,1988-07-15,36.999,7.8,11874,en,Action
1430593,Tinsel Town,2025-11-28,36.4036,6.083,18,en,Comedy
1233413,Sinners,2025-04-16,35.7492,7.504,3070,en,Horror
1523145,Your Heart Will Be Broken,2026-03-05,34.3918,0.0,0,ru,Romance
27205,Inception,2010-07-15,34.3067,8.4,38388,en,Action
1400032,10DANCE,2025-12-17,34.2931,7.0,44,ja,Romance
1248226,Playdate,2025-11-05,33.9379,6.153,413,en,Action
1192174,The Negotiator,2025-03-06,33.7395,7.156,77,it,Drama
1130276,Succubus,2024-10-06,33.6926,8.802,210,en,Horror
1318691,Los Muértimer,2025-08-14,33.5865,6.231,13,es,Comedy
597,Titanic,1997-11-18,33.3699,7.903,26571,en,Drama
949709,High Forces,2024-09-29,33.2051,5.931,29,zh,Action
1003596,Avengers: Doomsday,2026-12-16,32.9146,0.0,0,en,Science Fiction
1241742,EKS,2024-03-01,32.8953,3.2,5,tl,Drama
278,The Shawshank Redemption,1994-09-23,32.8382,8.714,29396,en,Drama
1022787,Elio,2025-06-18,32.4041,6.975,735,en,Family
1585,It's a Wonderful Life,1946-12-20,32.0841,8.274,4694,en,Drama
840326,Sisu,2022-09-09,31.6869,7.414,2591,fi,Action
5255,The Polar Express,2004-11-10,31.6334,6.722,6720,en,Animation
81188,Rise of the Guardians,2012-11-21,31.6237,7.369,6992,en,Animation
238,The Godfather,1972-03-14,31.4062,8.685,22184,en,Drama
1007734,Nobody 2,2025-08-13,31.2581,7.03,1106,en,Action
1166133,Bramayugam,2024-02-15,31.1734,7.5,70,ml,Horror
1274751,Blue Sun Palace,2025-03-12,31.0889,6.1,8,en,Drama
152760,The Monuments Men,2014-01-24,31.0826,6.064,3731,en,War
755679,Fast X: Part 2,,31.0705,0.0,0,en,Action
106,Predator,1987-06-12,30.5614,7.542,8713,en,Science Fiction
671,Harry Potter and the Philosopher's Stone,2001-11-16,30.4737,7.899,28928,en,Adventure
541671,Ballerina,2025-06-04,30.2017,7.304,2097,en,Action
1196573,She Rides Shotgun,2025-07-31,30.0092,7.058,173,en,Action
1429520,Sidelined 2: Intercepted,2025-11-27,29.9551,7.588,17,en,Romance
1197306,A Working Man,2025-03-26,29.8042,6.703,1690,en,Action
533535,Deadpool & Wolverine,2024-07-24,29.7289,7.566,8056,en,Action
11,Star Wars,1977-05-25,29.6858,8.2,21747,en,Adventure
17979,A Christmas Carol,2009-11-04,29.6709,6.9,4806,en,Animation
601,E.T. the Extra-Terrestrial,1982-06-11,29.4374,7.512,11698,en,Science Fiction
5825,National Lampoon's Christmas Vacation,1989-11-30,29.3212,7.236,2595,en,Comedy
552524,Lilo & Stitch,2025-05-17,29.175,7.247,1912,en,Family
639988,No Other Choice,2025-09-24,28.9043,7.6,125,ko,Crime
950387,A Minecraft Movie,2025-03-31,28.6091,6.315,2611,en,Family
1492108,Kandungan,2025-07-22,28.3062,6.7,3,tl,Romance
1468417,First Moon,2025-05-06,28.1188,4.302,53,en,Horror
569094,Spider-Man: Across the Spider-Verse,2023-05-31,27.9992,8.337,8114,en,Animation
49013,Cars 2,2011-06-11,27.7505,6.166,8255,en,Animation
546554,Knives Out,2019-11-27,27.7409,7.846,13402,en,Comedy
1167307,David,2025-12-14,27.7079,7.0,4,en,Animation
569094,Spider-Man: Across the Spider-Verse,2023-05-31,27.9992,8.337,8114,en,Animation
950387,A Minecraft Movie,2025-03-31,28.6091,6.315,2611,en,Family
1492108,Kandungan,2025-07-22,28.3062,6.7,3,tl,Romance
291805,Now You See Me 2,2016-06-02,26.7569,6.83,11266,en,Thriller
533535,Deadpool & Wolverine,2024-07-24,29.7289,7.6,8053,en,Action
546554,Knives Out,2019-11-27,27.7409,7.846,13401,en,Comedy
1368337,The Odyssey,2026-07-15,27.4397,0.0,0,en,Adventure
411,"The Chronicles of Narnia: The Lion, the Witch and the Wardrobe",2005-12-07,27.525,7.137,11209,en,Adventure
10274,The Deal,2005-06-17,13.9659,5.62,25,en,Thriller
402431,Wicked,2024-10-16,26.5667,6.934,2731,en,Drama
10480,Nurse Betty,2000-08-30,15.0164,6.056,421,en,Comedy
385687,Fast X,2023-05-17,25.0638,7.01,6131,en,Action
1422211,The Pursuit of Lust,2025-01-23,23.4425,6.5,10,mn,Romance
1468417,First Moon,2025-05-06,28.1188,4.302,53,en,Horror
1511789,Captain Hook: The Cursed Tides,2025-07-11,27.4583,4.951,41,en,Adventure
604079,The Long Walk,2025-09-10,26.7283,6.921,953,en,Science Fiction
1561955,Stephen,2025-12-05,25.3163,6.7,7,ta,Thriller
1078605,Weapons,2025-08-04,27.5465,7.305,2570,en,Horror
1167307,David,2025-12-14,27.7079,7.0,4,en,Animation
986056,Thunderbolts*,2025-04-30,23.1812,7.311,3011,en,Action
1010756,The Strangers: Chapter 2,2025-09-25,26.1052,6.014,173,en,Horror
1035259,The Naked Gun,2025-07-30,26.5116,6.452,1220,en,Action
155,The Dark Knight,2008-07-16,25.3402,8.524,34868,en,Drama
1156594,Our Fault,2025-10-15,26.9582,7.43,564,es,Romance
9714,Home Alone 3,1997-12-12,24.8521,5.276,3183,en,Comedy
527435,The Christmas Chronicles,2025-12-10,25.5,7.596,26,en,Comedy
346698,Barbie,2023-07-19,25.612,6.94,10570,en,Comedy
1042834,Eden,2025-04-03,24.3293,6.746,465,en,Thriller
1241982,Moana 2,2024-11-21,24.2208,7.016,2840,en,Family
1433719,High Ground,2025-03-17,24.1608,5.9,36,en,Thriller
634649,Spider-Man: No Way Home,2021-12-15,24.8687,7.936,21377,en,Action
1119878,Ice Road: Vengeance,2025-06-27,24.8219,6.284,537,en,Action
993708,The Threesome,2025-09-04,23.9067,5.861,36,en,Comedy
508138,Burn,2019-08-23,24.0965,6.048,323,en,Thriller
808,Shrek,2001-05-18,24.0772,7.754,18207,en,Animation
1242419,Roofman,2025-10-08,24.0289,7.226,330,en,Crime
574475,Final Destination Bloodlines,2025-05-14,25.3476,7.102,2474,en,Horror
793387,Holy Night: Demon Hunters,2025-04-30,23.874,6.7,75,ko,Action
9279,Jingle All the Way,1996-11-21,23.7332,6.057,2854,en,Family
615453,Ne Zha,2019-07-26,24.1734,7.886,753,zh,Animation
1119878,Ice Road: Vengeance,2025-06-27,24.8219,6.3,536,en,Action
1435092,Goodbye June,2025-12-12,45.3943,6.87,23,en,Drama
993708,The Threesome,2025-09-04,23.9067,5.861,36,en,Comedy
574475,Final Destination Bloodlines,2025-05-14,25.3476,7.102,2473,en,Horror
508965,Klaus,2019-11-08,22.9898,8.226,4466,en,Animation
793387,Holy Night: Demon Hunters,2025-04-30,23.874,6.7,75,ko,Action
615453,Ne Zha,2019-07-26,24.1734,7.886,753,zh,Animation
937941,Shelby Oaks,2025-10-02,23.4696,5.744,133,en,Horror
957119,Sidelined: The QB and Me,2025-02-06,24.0119,6.139,119,en,Comedy
1208561,Art of Eight Limbs,2024-08-16,22.7916,6.4,37,en,Action
1128650,The Prosecutor,2024-12-08,23.8969,6.813,163,cn,Action
939243,Sonic the Hedgehog 3,2024-12-19,21.7361,7.642,3067,en,Action
449459,The Vanishing,2019-01-04,23.1324,5.742,760,en,Thriller
519182,Despicable Me 4,2024-06-20,22.8101,7.003,3005,en,Family
1367575,A Line of Fire,2025-04-05,20.9887,5.9,61,en,Action
1241470,Osiris,2025-07-25,23.5626,6.195,154,en,Science Fiction
550,Fight Club,1999-10-15,23.1799,8.438,31128,en,Drama
1255775,Merv,2025-12-09,23.4679,5.89,68,en,Comedy
203101,High School of the Dead: Drifters of the Dead,2011-04-25,23.4599,7.4,474,ja,Comedy
62211,Monsters University,2013-06-19,22.1805,7.044,11068,en,Animation
1208561,Art of Eight Limbs,2024-08-16,22.7916,6.4,37,en,Action
27870,The Muppets Celebrate Jim Henson,1990-11-21,22.6493,6.94,25,en,Documentary
1257009,Primitive War,2025-08-21,22.5682,6.768,192,en,Action
672,Harry Potter and the Chamber of Secrets,2002-11-13,22.54,7.705,23066,en,Adventure
1284120,The Ugly Stepsister,2025-03-07,22.2299,7.3,754,no,Horror
62211,Monsters University,2013-06-19,22.1805,7.044,11069,en,Animation
1025527,Abyss,2024-12-11,22.0996,6.0,87,fr,Thriller
1252309,Ask Me What You Want,2024-11-29,22.0689,6.163,257,es,Romance
13,Forrest Gump,1994-06-23,22.005,8.462,28989,en,Comedy
218,The Terminator,1984-10-26,21.8814,7.675,14087,en,Action
872585,Oppenheimer,2023-07-19,21.8779,8.04,11096,en,Drama
939243,Sonic the Hedgehog 3,2024-12-19,21.7361,7.641,3068,en,Action
1241983,Train Dreams,2025-11-05,21.6852,7.266,346,en,Drama
1214140,Monster Island,2025-05-08,21.6447,5.935,84,en,Horror
1443940,Truth & Treason,2025-10-16,21.6216,7.1,9,en,History
1022789,Inside Out 2,2024-06-11,21.5002,7.548,6324,en,Animation
216527,Avatar 4,2029-12-19,21.3453,0.0,0,en,Science Fiction
10874,Muppet Treasure Island,1996-02-16,21.3264,6.671,439,en,Family
693134,Dune: Part Two,2024-02-27,21.2981,8.132,7313,en,Science Fiction
129,Spirited Away,2001-07-20,21.1734,8.5,17740,ja,Animation
694,The Shining,1980-05-23,21.1387,8.206,18426,en,Horror
675,Harry Potter and the Order of the Phoenix,2007-07-08,21.127,7.675,20364,en,Adventure
603,The Matrix,1999-03-31,21.0414,8.236,27123,en,Action
1242011,Together,2025-07-28,21.0338,7.098,769,en,Horror
1367575,A Line of Fire,2025-04-05,20.9887,5.9,61,en,Action
122,The Lord of the Rings: The Return of the King,2003-12-17,20.9605,8.491,25769,en,Adventure
502356,The Super Mario Bros. Movie,2023-04-05,20.9354,7.6,10143,en,Family
1456349,It Was Just an Accident,2025-09-27,20.8802,7.191,215,fa,Drama
1591771,Zootopia 3,,20.8377,0.0,0,en,Animation
109445,Frozen,2013-11-20,20.7907,7.249,17224,en,Animation
1280450,Stolen Girl,2025-09-04,20.7149,6.422,102,en,Thriller
106646,The Wolf of Wall Street,2013-12-25,20.709,8.026,25281,en,Crime
822119,Captain America: Brave New World,2025-02-12,20.6772,5.992,2813,en,Action
198663,The Maze Runner,2014-09-10,20.6589,7.191,17746,en,Action
1100988,28 Years Later,2025-06-18,20.5261,6.65,1825,en,Horror
1135855,Kelas Bintang - Mangga Muda,2023-05-10,20.5206,6.333,3,mi,Drama
153104,Wicked Minds,2003-03-01,20.4496,6.3,49,en,Mystery
661374,Glass Onion: A Knives Out Mystery,2022-11-23,20.3726,7.034,6334,en,Comedy
361743,Top Gun: Maverick,2022-05-21,20.37,8.2,10424,en,Action
950396,The Gorge,2025-02-13,20.3177,7.659,3240,en,Romance
1296504,Stand Your Ground,2025-05-09,20.1127,4.5,60,en,Action
496243,Parasite,2019-05-30,20.1936,8.496,19842,ko,Comedy
9479,The Nightmare Before Christmas,1993-10-09,18.8651,7.833,10077,en,Fantasy
822119,Captain America: Brave New World,2025-02-12,20.6772,5.992,2811,en,Action
15121,The Sound of Music,1965-03-29,18.2676,7.725,3497,en,Drama
1267905,The Roses,2025-08-27,18.8017,6.7,454,en,Comedy
27860,Pterodactyl,2004-10-17,10.3943,4.4,70,en,Action
1441563,My Secret Santa,2025-12-02,18.4953,6.23,141,en,Comedy
1581,The Holiday,2006-12-05,19.0746,7.093,5459,en,Comedy
1100988,28 Years Later,2025-06-18,20.5261,6.65,1825,en,Horror
98,Gladiator,2000-05-04,18.9193,8.221,20322,en,Action
75656,Now You See Me,2013-05-29,20.1577,7.334,16317,en,Thriller
310133,Cop Car,2015-07-08,11.3276,5.984,899,en,Crime
12536,Home Alone 4,2002-11-03,19.456,4.5,1335,en,Comedy
338969,The Toxic Avenger Unrated,2025-08-28,19.6145,6.084,226,en,Action
766507,Prey,2022-08-02,19.0391,7.673,7405,en,Thriller
1151031,Bring Her Back,2025-05-28,20.0242,7.395,1264,en,Horror
786892,Furiosa: A Mad Max Saga,2024-05-22,17.9763,7.458,4568,en,Action
109451,Cloudy with a Chance of Meatballs 2,2013-09-26,16.9146,6.451,3397,en,Animation
912649,Venom: The Last Dance,2024-10-22,19.4994,6.673,3920,en,Action
502356,The Super Mario Bros. Movie,2023-04-05,20.9354,7.6,10143,en,Family
159824,Hotel Transylvania 2,2015-09-21,18.6938,6.766,5993,en,Animation
762509,Mufasa: The Lion King,2024-12-18,19.3482,7.336,2474,en,Adventure
1009640,Valiant One,2025-01-30,18.9904,6.8,91,en,War
749170,Heads of State,2025-06-24,18.2025,6.862,888,en,Action
1261825,Oh. What. Fun.,2025-12-03,18.2811,5.689,172,en,Comedy
936108,Smurfs,2025-07-05,18.9526,5.888,227,en,Animation
438631,Dune,2021-09-15,19.0299,7.776,14221,en,Science Fiction
1726,Iron Man,2008-04-30,19.264,7.654,27562,en,Action
157350,Divergent,2014-03-14,17.5888,6.911,13225,en,Action
950396,The Gorge,2025-02-13,20.3177,7.659,3240,en,Romance
539972,Kraven the Hunter,2024-12-11,18.1925,6.461,2136,en,Action
807,Se7en,1995-09-22,18.8751,8.4,22390,en,Crime
1287571,Agak Laen: Menyala Pantiku!,2025-11-27,19.3207,8.2,4,id,Comedy
680,Pulp Fiction,1994-09-10,18.4982,8.486,29417,en,Thriller
76341,Mad Max: Fury Road,2015-05-13,18.8807,7.629,23596,en,Action
10138,Iron Man 2,2010-04-28,19.0788,6.849,21910,en,Adventure
68718,Django Unchained,2012-12-25,19.0369,8.185,27350,en,Drama
1591771,Zootopia 3,,20.8377,0.0,0,en,Animation
105,Back to the Future,1985-07-03,19.9086,8.322,21176,en,Adventure
862,Toy Story,1995-11-22,18.7685,7.971,19377,en,Family
12444,Harry Potter and the Deathly Hallows: Part 1,2010-11-17,18.7106,7.738,19935,en,Adventure
159824,Hotel Transylvania 2,2015-09-21,18.6938,6.766,5993,en,Animation
1097870,Dear Santa,2024-11-24,18.6491,6.273,455,en,Comedy
680,Pulp Fiction,1994-09-10,18.4982,8.486,29418,en,Thriller
1441563,My Secret Santa,2025-12-02,18.4953,6.23,141,en,Comedy
1621,Trading Places,1983-06-07,18.3673,7.226,3528,en,Comedy
1161617,Code 3,2025-09-12,18.3493,6.7,143,en,Action
549053,Last Christmas,2019-11-07,18.2954,7.194,2566,en,Comedy
1261825,Oh. What. Fun.,2025-12-03,18.2811,5.7,172,en,Comedy
15121,The Sound of Music,1965-03-29,18.2676,7.725,3498,en,Drama
1376434,Predator: Killer of Killers,2025-06-05,18.2658,7.859,1000,en,Animation
829557,365 Days: This Day,2022-04-26,18.2608,5.929,1800,pl,Romance
578,Jaws,1975-06-20,18.2503,7.681,11197,en,Horror
1184918,The Wild Robot,2024-09-12,18.2488,8.318,5577,en,Animation
749170,Heads of State,2025-06-24,18.2025,6.862,888,en,Action
539972,Kraven the Hunter,2024-12-11,18.1925,6.46,2137,en,Action
1071585,M3GAN 2.0,2025-06-25,18.0918,7.364,1041,en,Action
869,Planet of the Apes,2001-07-27,18.0241,5.8,4286,en,Thriller
11395,The Santa Clause,1994-11-11,17.9872,6.516,2224,en,Fantasy
387824,Mom's Friend,2015-08-20,17.4004,7.0,24,ko,Drama
823219,Flow,2024-08-29,16.6026,8.11,2514,lv,Animation
9647,Scrooged,1988-11-22,16.0969,6.784,1641,en,Fantasy
2493,The Princess Bride,1987-09-25,16.6591,7.692,4910,en,Adventure
850,A Christmas Story,1983-11-18,15.1077,7.22,1361,en,Comedy
4348,Pride & Prejudice,2005-09-16,17.2559,8.056,8530,en,Drama
49026,The Dark Knight Rises,2012-07-17,16.2346,7.79,23804,en,Action
870360,The Day the Earth Blew Up: A Looney Tunes Movie,2024-08-01,16.2433,7.647,187,en,Family
1084199,Companion,2025-01-22,19.0463,7.041,1943,en,Horror
372058,Your Name.,2016-08-26,18.9245,8.479,12173,ja,Animation
216015,Fifty Shades of Grey,2015-02-11,17.1276,5.877,12197,en,Drama
12444,Harry Potter and the Deathly Hallows: Part 1,2010-11-17,18.7106,7.738,19934,en,Adventure
1071585,M3GAN 2.0,2025-06-25,18.0918,7.364,1041,en,Action
1106289,The Pickup,2025-07-27,16.7188,6.4,415,en,Action
1244531,Beast of War,2025-08-22,17.248,6.336,70,en,Thriller
1156593,Your Fault,2024-12-26,19.382,7.124,1478,es,Drama
899112,Violent Night,2022-11-30,16.3815,7.237,2426,en,Action
17015,Persuasion,1995-05-01,16.281,7.1,137,en,Drama
11324,Shutter Island,2010-02-14,16.8253,8.202,25165,en,Drama
1097870,Dear Santa,2024-11-24,18.6491,6.273,455,en,Comedy
1135855,Kelas Bintang - Mangga Muda,2023-05-10,20.5206,6.333,3,mi,Drama
12445,Harry Potter and the Deathly Hallows: Part 2,2011-07-12,19.3921,8.083,21506,en,Adventure
1069905,Jay Kelly,2025-11-14,17.0255,6.1,230,en,Drama
1470086,Ligaw,2025-05-09,14.4041,6.0,5,tl,Drama
18,The Fifth Element,1997-05-02,16.6408,7.561,11330,fr,Science Fiction
1414064,Una artista en la familia,2024-12-31,14.8118,0.0,0,es,Comedy
1186350,Marco,2024-12-20,17.0695,6.603,92,ml,Action
36557,Casino Royale,2006-11-14,14.8915,7.567,11324,en,Adventure
315635,Spider-Man: Homecoming,2017-07-05,17.2113,7.3,22691,en,Action
137,Groundhog Day,1993-02-11,15.8001,7.621,8561,en,Romance
728308,Bowling Balls,2004-08-31,8.8341,3.0,2,en,Horror
502682,Book Club,2018-05-18,15.6803,6.229,818,en,Romance
1305717,Hunting Grounds,2025-05-16,16.7553,6.7,64,en,Action
68721,Iron Man 3,2013-04-18,16.0854,6.93,22999,en,Action
1241752,Rita,2024-03-22,16.4006,6.05,20,tl,Drama
348,Alien,1979-05-25,17.9506,8.167,15832,en,Horror
497,The Green Mile,1999-12-10,17.2359,8.503,18639,en,Fantasy
310097,Blur,2011-12-11,8.8722,0.0,0,en,Thriller
1339149,Fury 12 Hours,2024-08-28,15.8214,5.9,5,zh,Action
272,Batman Begins,2005-06-10,16.5228,7.719,22055,en,Drama
869,Planet of the Apes,2001-07-27,18.0241,5.8,4286,en,Thriller
1215106,Ko Ga Loak Village,2025-11-06,15.7865,3.8,5,th,Comedy
603692,John Wick: Chapter 4,2023-03-22,16.3118,7.716,7544,en,Action
1127628,The Thing with Feathers,2025-10-17,14.8236,7.412,17,en,Drama
941109,Play Dirty,2025-09-30,16.1704,6.583,518,en,Crime
933260,The Substance,2024-09-07,17.1497,7.147,5462,en,Horror
986097,HIM,2025-09-18,16.1463,5.8,261,en,Horror
1175174,Fackham Hall,2025-12-01,16.1066,7.769,13,en,Comedy
19959,Surrogates,2009-09-24,15.6836,6.139,3328,en,Science Fiction
507244,Afterburn,2025-08-20,16.9706,6.713,148,en,Science Fiction
640,Catch Me If You Can,2002-12-16,16.6641,7.977,16586,en,Drama
829557,365 Days: This Day,2022-04-26,18.2608,5.927,1799,pl,Romance
511082,Black Butler: Book of Murder,2014-10-25,15.8863,8.0,61,ja,Mystery
1280282,Gabby's Dollhouse: The Movie,2025-09-13,14.7174,6.745,49,en,Family
12,Finding Nemo,2003-05-30,14.6376,7.817,20116,en,Animation
578,Jaws,1975-06-20,18.2503,7.681,11197,en,Horror
585,"Monsters, Inc.",2001-11-01,15.6639,7.847,19314,en,Animation
1402977,Mami Fujimura: WET BOMB!,1987-02-25,7.9866,0.0,0,ja,Unknown
1034541,Terrifier 3,2024-10-09,15.3598,6.811,1842,en,Horror
9928,Robots,2005-03-10,16.2942,6.474,4793,en,Animation
429617,Spider-Man: Far From Home,2019-06-28,15.5213,7.4,16528,en,Action
414906,The Batman,2022-03-01,15.8437,7.66,11446,en,Crime
177572,Big Hero 6,2014-10-24,15.2823,7.726,16233,en,Adventure
13377,How the Grinch Stole Christmas!,1966-12-18,13.4216,7.5,1099,en,Animation
10510,Miracle on 34th Street,1994-11-18,15.1848,6.744,1119,en,Fantasy
38757,Tangled,2010-11-24,16.2627,7.61,12058,en,Animation
632856,Spirited,2022-11-10,15.9966,6.872,709,en,Comedy
5375,Fred Claus,2007-11-09,13.6301,5.86,896,en,Action
1930,The Amazing Spider-Man,2012-06-23,15.3463,6.7,18113,en,Action
419680,Daddy's Home 2,2017-11-09,15.7933,6.308,2663,en,Comedy
10191,How to Train Your Dragon,2010-03-18,15.8351,7.853,13950,en,Fantasy
1220564,The Secret Agent,2025-07-23,15.3916,8.0,112,pt,Crime
99861,Avengers: Age of Ultron,2015-04-22,15.415,7.271,23941,en,Action
205596,The Imitation Game,2014-11-14,15.1401,7.989,17703,en,History
9502,Kung Fu Panda,2008-06-04,15.3313,7.311,12255,en,Animation
1308821,First Taste,2024-08-07,16.2435,5.063,8,tl,Romance
557,Spider-Man,2002-05-01,15.1125,7.318,20120,en,Action
564,The Mummy,1999-04-16,15.6002,6.954,9633,en,Adventure
13368,White Christmas,1954-10-14,13.454,7.194,559,en,Comedy
324857,Spider-Man: Into the Spider-Verse,2018-12-06,16.5061,8.395,16688,en,Animation
1218762,Jingle Bell Heist,2025-11-25,13.8189,6.04,190,en,Romance
652,Troy,2004-05-13,15.8392,7.164,10745,en,War
8966,Twilight,2008-11-20,16.3906,6.284,14123,en,Fantasy
10681,WALL·E,2008-06-22,17.1807,8.105,19736,en,Animation
573435,Bad Boys: Ride or Die,2024-06-05,15.2288,7.345,3150,en,Action
840430,The Holdovers,2023-10-27,15.9166,7.655,2284,en,Comedy
696506,Mickey 17,2025-02-28,14.6727,6.83,3037,en,Science Fiction
354912,Coco,2017-10-27,14.7997,8.2,20500,en,Family
823464,Godzilla x Kong: The New Empire,2024-03-27,14.5137,7.07,4434,en,Action
228150,Fury,2014-10-15,16.5053,7.54,12616,en,War
447273,Snow White,2025-03-19,15.7695,4.297,1476,en,Family
1242011,Together,2025-07-28,21.0338,7.098,769,en,Horror
1011985,Kung Fu Panda 4,2024-03-02,15.1625,7.021,3317,en,Animation
12155,Alice in Wonderland,2010-03-03,13.7658,6.635,14510,en,Family
1302017,Uhaw,2024-09-13,16.3411,4.4,5,tl,Drama
8587,The Lion King,1994-06-15,16.5231,8.256,19217,en,Family
1522377,Two Worlds One Wish,2025-11-24,15.3446,7.672,29,tr,Romance
1382406,Striking Rescue,2024-12-05,14.7877,7.42,144,zh,Action
396535,Train to Busan,2016-07-20,14.8301,7.747,8085,ko,Horror
1481331,Nahual,2025-02-06,14.9814,3.2,8,en,Horror
10480,Nurse Betty,2000-08-30,15.0164,6.056,421,en,Comedy
1481331,Nahual,2025-02-06,14.9814,3.2,8,en,Horror
861451,Martin,2024-10-11,14.9581,4.058,26,kn,Action
58,Pirates of the Caribbean: Dead Man's Chest,2006-07-06,14.9259,7.4,16759,en,Adventure
1107216,Pets on a Train,2025-07-02,14.9178,6.9,29,fr,Animation
36557,Casino Royale,2006-11-14,14.8915,7.567,11324,en,Adventure
396535,Train to Busan,2016-07-20,14.8301,7.747,8085,ko,Horror
1127628,The Thing with Feathers,2025-10-17,14.8236,7.412,17,en,Drama
1414064,Una artista en la familia,2024-12-31,14.8118,0.0,0,es,Comedy
8355,Ice Age: Dawn of the Dinosaurs,2009-06-26,14.8104,6.763,8677,en,Animation
281338,War for the Planet of the Apes,2017-07-11,14.8089,7.213,9478,en,Drama
354912,Coco,2017-10-27,14.7997,8.2,20500,en,Family
1382406,Striking Rescue,2024-12-05,14.7877,7.42,144,zh,Action
16869,Inglourious Basterds,2009-08-02,14.7223,8.215,23511,en,Drama
475557,Joker,2019-10-01,14.7206,8.129,27087,en,Crime
28178,Hachi: A Dog's Tale,2009-06-08,14.7183,8.009,7003,en,Drama
1280282,Gabby's Dollhouse: The Movie,2025-09-13,14.7174,6.745,49,en,Family
1181540,Guns Up,2025-05-15,14.7031,6.62,146,en,Action
520758,Chicken Run: Dawn of the Nugget,2023-12-08,14.6974,6.948,850,en,Family
77338,The Intouchables,2011-11-02,14.6829,8.271,18013,fr,Drama
2978,Ghostbusters II,1989-06-16,14.6791,6.594,4690,en,Comedy
12721,"No Retreat, No Surrender",1986-05-02,8.0544,6.3,604,en,Action
945961,Alien: Romulus,2024-08-13,15.2237,7.176,4157,en,Horror
244998,Senario XX,2005-05-19,15.0565,0.0,0,ms,Comedy
1275779,Disclosure Day,2026-06-10,13.1346,0.0,0,en,Science Fiction
1107216,Pets on a Train,2025-07-02,14.9178,6.9,29,fr,Animation
209112,Batman v Superman: Dawn of Justice,2016-03-23,15.0566,5.988,18646,en,Action
14900,The Great Muppet Caper,1981-06-26,13.4918,6.9,328,en,Family
857,Saving Private Ryan,1998-07-24,13.0786,8.221,16723,en,War
13383,Santa Claus,1959-11-26,16.0618,6.9,204,es,Family
425,Ice Age,2002-03-14,15.1262,7.368,13948,en,Animation
1280518,Laberinto de sombras,2024-05-10,14.5802,5.8,5,es,Horror
1352624,The Mastermind,2025-10-16,11.9071,5.7,73,en,Drama
58,Pirates of the Caribbean: Dead Man's Chest,2006-07-06,14.9259,7.4,16759,en,Adventure
16869,Inglourious Basterds,2009-08-02,14.7223,8.215,23511,en,Drama
138843,The Conjuring,2013-07-18,14.4977,7.541,12388,en,Horror
512195,Red Notice,2021-11-04,15.1873,6.75,6210,en,Action
616037,Thor: Love and Thunder,2022-07-06,13.5781,6.388,8263,en,Fantasy
13494,Red Sonja,2025-07-31,15.3478,5.708,149,en,Adventure
1111873,Abigail,2024-04-16,14.5752,6.704,1836,en,Horror
810,Shrek the Third,2007-05-17,14.3797,6.301,9518,en,Fantasy
150689,Cinderella,2015-03-06,14.379,6.825,7279,en,Romance
756999,The Black Phone,2022-06-16,14.3668,7.542,5567,en,Horror
38365,Grown Ups,2010-06-24,14.3508,6.4,6476,en,Comedy
1196364,Thamma,2025-10-21,14.3208,6.5,36,hi,Comedy
1064213,Anora,2024-10-14,14.3179,7.058,2818,en,Drama
18785,The Hangover,2009-06-02,14.317,7.327,17667,en,Comedy
14836,Coraline,2009-02-05,14.2926,7.898,8691,en,Animation
1072699,Inside Furioza,2025-10-14,14.2913,6.5,74,pl,Action
296096,Me Before You,2016-06-01,14.2736,7.9,12935,en,Drama
769,GoodFellas,1990-09-12,14.2735,8.453,13848,en,Drama
62,2001: A Space Odyssey,1968-04-02,14.2727,8.06,12220,en,Science Fiction
166428,How to Train Your Dragon: The Hidden World,2019-01-03,14.2289,7.75,6890,en,Animation
646315,The Legendary Lighter,2019-10-29,14.2034,6.0,3,ko,Action
609681,The Marvels,2023-11-08,14.1911,6.0,3189,en,Science Fiction
9360,Anaconda,1997-04-11,14.1879,5.251,2671,en,Adventure
110415,Snowpiercer,2013-08-01,14.161,6.909,10126,ko,Action
1357886,Django Undisputed,2024-04-22,14.0809,6.0,11,it,Western
269955,Obsessed,2014-05-14,14.0776,6.682,77,ko,Drama
637649,Wrath of Man,2021-04-22,14.0093,7.588,5849,en,Thriller
609681,The Marvels,2023-11-08,14.1911,6.0,3189,en,Science Fiction
297762,Wonder Woman,2017-05-30,14.0065,7.213,20588,en,Action
156682,Virgins of Sherwood Forest,2000-07-11,7.911,3.675,20,en,Adventure
111,Scarface,1983-12-09,13.8677,8.157,12623,en,Action
559,Spider-Man 3,2007-05-01,13.8598,6.448,14833,en,Action
787,Mr. & Mrs. Smith,2005-06-07,13.8531,6.688,10933,en,Action
1072699,Inside Furioza,2025-10-14,14.2913,6.5,74,pl,Action
166428,How to Train Your Dragon: The Hidden World,2019-01-03,14.2289,7.75,6890,en,Animation
12155,Alice in Wonderland,2010-03-03,13.7658,6.635,14510,en,Family
1328803,Prisoner of War,2025-09-19,13.8957,7.103,126,en,Action
326359,Frozen Fever,2015-03-09,12.6062,6.831,1880,en,Animation
34672,Chestnut: Hero of Central Park,2004-10-21,13.5628,7.223,226,en,Family
1154215,Elyas,2024-07-03,12.3301,6.16,141,fr,Action
1290159,A House of Dynamite,2025-10-02,13.8028,6.375,939,en,Thriller
204391,Zomvideo,2011-10-14,7.0505,4.875,8,ja,Horror
1588835,Kapag Tumayo Ang Testigo,2025-12-05,12.368,6.0,1,tl,Comedy
150689,Cinderella,2015-03-06,14.379,6.825,7279,en,Romance
1338799,JUJUTSU KAISEN: Hidden Inventory / Premature Death - The Movie,2025-05-30,13.641,8.3,29,ja,Animation
8681,Taken,2008-02-18,13.6584,7.398,11782,en,Action
315162,Puss in Boots: The Last Wish,2022-12-07,14.6536,8.208,8537,en,Animation
12153,White Chicks,2004-06-23,14.5475,6.938,4341,en,Comedy
1588835,Kapag Tumayo Ang Testigo,2025-12-05,12.368,6.0,1,tl,Comedy
150689,Cinderella,2015-03-06,14.379,6.825,7279,en,Romance
1338799,JUJUTSU KAISEN: Hidden Inventory / Premature Death - The Movie,2025-05-30,13.641,8.3,29,ja,Animation
315162,Puss in Boots: The Last Wish,2022-12-07,14.6536,8.208,8537,en,Animation
284584,Uncle David,2010-03-25,13.9549,3.875,8,en,Horror
1374686,Light of the World,2025-09-04,13.3322,9.0,6,en,Animation
645757,That Christmas,2024-11-27,13.4814,7.171,394,en,Animation
1550797,Prep & Landing: The Snowball Protocol,2025-11-27,12.3253,7.405,21,en,Animation
1357886,Django Undisputed,2024-04-22,14.0809,6.0,11,it,Western
1407862,Lost in the Spotlight,2025-12-02,13.1627,6.2,6,id,Drama
8681,Taken,2008-02-18,13.6584,7.398,11782,en,Action
436969,The Suicide Squad,2021-07-28,13.5035,7.476,9275,en,Action
1134278,Pacific Fear,2024-07-11,12.8686,4.472,36,fr,Horror
884605,No Hard Feelings,2023-06-15,12.1587,6.694,3608,en,Comedy
756999,The Black Phone,2022-06-16,14.3668,7.542,5567,en,Horror
387848,Buddy's Mom,2015-11-12,12.8818,5.7,14,ko,Drama
400155,Hotel Transylvania 3: Summer Vacation,2018-06-28,14.417,6.9,4616,en,Animation
270946,Penguins of Madagascar,2014-11-22,13.2969,6.529,4352,en,Family
1495,Kingdom of Heaven,2005-05-03,13.1516,7.006,4704,en,Drama
670,Oldboy,2003-11-21,12.9241,8.244,9414,ko,Drama
62029,Bingo Bongo,1982-12-23,13.0222,5.7,164,it,Comedy
976573,Elemental,2023-06-14,13.8358,7.59,5073,en,Family
787,Mr. & Mrs. Smith,2005-06-07,13.8531,6.688,10933,en,Action
51052,Arthur Christmas,2011-11-10,11.6203,6.774,1581,en,Drama
370172,No Time to Die,2021-09-29,12.4949,7.353,6808,en,Action
1084222,Operation Blood Hunt,2024-12-12,13.2916,6.802,53,en,Action
1396888,Celestina: Burlesk Dancer,2024-12-04,11.9392,3.0,4,tl,Drama
1573,Die Hard 2,1990-07-03,13.1997,6.962,6181,en,Action
497698,Black Widow,2021-07-07,17.249,7.185,10912,en,Action
433,Mary Poppins,1964-12-17,10.3747,7.554,4887,en,Comedy
300669,Don't Breathe,2016-06-08,11.7762,7.015,7790,en,Horror
1278950,The Ritual,2025-04-18,13.1931,5.91,251,en,Horror
787699,Wonka,2023-12-06,13.0683,7.049,4164,en,Comedy
969681,Spider-Man: Brand New Day,2026-07-29,12.4125,0.0,0,en,Science Fiction
1319895,Hostile Takeover,2025-08-08,13.3783,7.125,48,en,Action
718838,Mothering Sunday,2021-11-12,19.6636,5.372,121,en,Romance
1404791,Dollhouse,2025-06-13,12.8167,7.0,7,ja,Horror
244786,Whiplash,2014-10-10,14.5474,8.376,16141,en,Drama
1026821,The Storm,2024-01-12,12.8787,6.125,16,zh,Animation
489,Good Will Hunting,1997-12-05,12.1234,8.157,13349,en,Drama
91314,Transformers: Age of Extinction,2014-06-25,13.2184,6.0,8546,en,Science Fiction
296096,Me Before You,2016-06-01,14.2736,7.924,12935,en,Drama
1109086,War 2,2025-08-13,12.5897,5.638,47,hi,Action
1232449,Young Hearts,2024-10-26,13.5546,8.476,189,nl,Drama
134375,Home Alone: The Holiday Heist,2012-12-03,12.7638,5.125,467,en,Comedy
183392,Capturing Avatar,2010-11-16,12.618,7.0,96,en,Documentary
615173,The Witch: Part 2. The Other One,2022-06-15,13.7393,7.351,407,ko,Action
1155281,Creation of the Gods II: Demon Force,2025-01-29,14.5162,6.416,119,zh,Action
2616,Uncle Buck,1989-08-16,13.1307,6.795,1287,en,Comedy
77338,The Intouchables,2011-11-02,14.6829,8.271,18013,fr,Drama
114,Pretty Woman,1990-03-23,14.5591,7.46,8726,en,Romance
293660,Deadpool,2016-02-09,12.6408,7.623,32164,en,Action
4935,Howl's Moving Castle,2004-09-09,13.1139,8.39,10680,ja,Fantasy
38365,Grown Ups,2010-06-24,14.3508,6.4,6476,en,Comedy
1064307,Spermageddon,2025-02-21,12.999,6.423,104,no,Animation
1138194,Heretic,2024-10-31,13.2939,6.976,2344,en,Horror
1244975,The Orphans,2025-08-20,11.2388,5.875,28,fr,Action
1241921,A Big Bold Beautiful Journey,2025-09-17,12.0059,6.277,247,en,Romance
85,Raiders of the Lost Ark,1981-06-12,11.436,7.923,13242,en,Adventure
85,Raiders of the Lost Ark,1981-06-12,11.436,7.923,13242,en,Adventure
150540,Inside Out,2015-06-17,13.0653,7.91,23001,en,Animation
27066,The Voyeur,1994-01-27,13.2965,5.516,221,it,Drama
904444,Rose Bluelight,1989-07-06,11.722,3.8,6,it,Drama
500919,211,2018-05-30,11.2155,5.312,481,en,Crime
1241436,Warfare,2025-04-09,13.5144,7.1,1188,en,War
426063,Nosferatu,2024-12-25,13.0171,6.702,3316,en,Horror
1425122,A Very Jonas Christmas Movie,2025-11-10,11.5243,6.3,95,en,Comedy
49051,The Hobbit: An Unexpected Journey,2012-12-12,13.721,7.365,19162,en,Adventure
154629,Doña Bárbara,1943-09-16,12.067,7.064,39,es,Drama
271110,Captain America: Civil War,2016-04-27,13.5445,7.4,23592,en,Adventure
359410,Road House,2024-03-08,12.3253,6.942,2797,en,Action
13673,Christmas with the Kranks,2004-11-24,13.3416,6.15,1260,en,Comedy
107,Snatch,2000-09-01,12.9036,7.816,9632,en,Crime
62,2001: A Space Odyssey,1968-04-02,14.2727,8.06,12220,en,Science Fiction
117,The Untouchables,1987-06-03,11.4232,7.756,6006,en,Crime
10315,Fantastic Mr. Fox,2009-10-14,11.4645,7.813,5870,en,Adventure
12139,Dennis the Menace,1993-06-09,11.5765,5.88,1538,en,Family
763215,Damsel,2024-03-07,12.6695,6.989,2635,en,Fantasy
263115,Logan,2017-02-28,11.6737,7.8,20005,en,Action
9806,The Incredibles,2004-11-05,13.0408,7.72,18480,en,Action
7485,Shooter,2007-03-22,13.2147,7.122,5247,en,Drama
953,Madagascar,2005-05-25,14.634,6.917,11399,en,Family
1151272,Sirāt,2025-06-06,12.7549,6.9,267,es,Drama
102382,The Amazing Spider-Man 2,2014-04-16,15.2975,6.5,13882,en,Action
940551,Migration,2023-12-06,13.0724,7.369,2148,en,Family
11036,The Notebook,2004-06-25,12.4289,7.89,12225,en,Romance
1083433,I Know What You Did Last Summer,2025-07-16,12.1055,5.8,570,en,Horror
249397,Nymphomaniac: Vol. II,2013-12-25,12.5349,6.71,3060,en,Drama
1087891,The Amateur,2025-04-09,12.9203,6.982,1405,en,Thriller
1196656,Sugar Baby,2023-11-24,12.9924,5.0,8,tl,Romance
660,Thunderball,1965-12-11,12.0264,6.674,2519,en,Adventure
59940,Zebra Lounge,2001-10-04,12.8866,4.262,42,en,Thriller
1043905,Dirty Angels,2024-12-11,11.3686,6.177,351,en,Action
648457,DEEMO Memorial Keys,2022-02-25,12.6729,7.5,18,ja,Animation
162,Edward Scissorhands,1990-12-07,11.7983,7.719,13469,en,Fantasy
630,The Wizard of Oz,1939-08-15,12.0021,7.591,5928,en,Adventure
1471345,Homo Argentum,2025-08-14,13.3843,5.5,11,es,Comedy
9360,Anaconda,1997-04-11,14.1879,5.251,2671,en,Adventure
429,"The Good, the Bad and the Ugly",1966-12-22,11.7455,8.5,9297,it,Western
30974,High Lane,2009-06-24,12.3917,6.077,431,fr,Action
6977,No Country for Old Men,2007-11-09,12.3771,7.947,12864,en,Crime
348893,Boyka: Undisputed IV,2016-08-01,12.3706,7.176,1414,en,Action
661289,The Summers of It - Chapter Two: It Ends,2019-12-10,12.3705,7.1,66,en,Documentary
1588835,Kapag Tumayo Ang Testigo,2025-12-05,12.368,6.0,1,tl,Comedy
1154215,Elyas,2024-07-03,12.3301,6.16,141,fr,Action
1550797,Prep & Landing: The Snowball Protocol,2025-11-27,12.3253,7.4,21,en,Animation
359410,Road House,2024-03-08,12.3253,6.941,2798,en,Action
355522,UNFAIR: the end,2015-09-05,12.3207,5.6,8,ja,Action
667538,Transformers: Rise of the Beasts,2023-06-06,12.3202,7.195,5107,en,Science Fiction
507086,Jurassic World Dominion,2022-06-01,12.3114,6.626,6782,en,Adventure
1299655,Blue Moon,2025-10-17,12.2717,6.9,88,en,Drama
1429738,Tee Yai: Born to Be Bad,2025-11-12,12.249,5.0,40,th,Crime
939335,Muzzle,2023-09-29,12.1764,6.483,320,en,Action
884605,No Hard Feelings,2023-06-15,12.1587,6.694,3608,en,Comedy
398818,Call Me by Your Name,2017-07-28,12.1398,8.1,12521,en,Romance
489,Good Will Hunting,1997-12-05,12.1234,8.157,13350,en,Drama
1083433,I Know What You Did Last Summer,2025-07-16,12.1055,5.8,570,en,Horror
1114967,Good Fortune,2025-10-14,12.0778,7.093,344,en,Comedy
154629,Doña Bárbara,1943-09-16,12.067,7.064,39,es,Drama
1357633,Solo Leveling -ReAwakening-,2024-11-26,12.061,7.038,248,ja,Action
13188,Scrooge,1951-11-30,12.0372,7.4,354,en,Fantasy
660,Thunderball,1965-12-11,12.0264,6.674,2519,en,Adventure
1241921,A Big Bold Beautiful Journey,2025-09-17,12.0059,6.277,247,en,Romance
630,The Wizard of Oz,1939-08-15,12.0021,7.591,5928,en,Adventure
653346,Kingdom of the Planet of the Apes,2024-05-08,11.9928,7.056,4014,en,Science Fiction
37165,The Truman Show,1998-06-04,11.9926,8.149,19568,en,Comedy
530254,The Witch: Part 1. The Subversion,2018-06-27,11.9689,7.882,689,ko,Action
863,Toy Story 2,1999-10-30,11.9517,7.604,14521,en,Animation
453395,Doctor Strange in the Multiverse of Madness,2022-05-04,11.9502,7.235,9943,en,Fantasy
1519168,The Jester 2,2025-09-15,11.9413,6.4,39,en,Horror
1396888,Celestina: Burlesk Dancer,2024-12-04,11.9392,3.0,4,tl,Drama
1352624,The Mastermind,2025-10-16,11.9071,5.7,73,en,Drama
324786,Hacksaw Ridge,2016-10-07,11.9036,8.191,14480,en,Drama
893694,Eva,2021-12-24,11.8866,5.1,20,tl,Drama
11770,Shaolin Soccer,2001-07-05,11.8866,7.145,2436,cn,Action
46738,Incendies,2010-09-17,11.869,8.107,3099,fr,Drama
12208,Casino Royale,1967-04-18,11.8458,5.262,789,en,Adventure
928358,Grand Jete,2022-09-20,11.8257,4.925,40,de,Drama
78,Blade Runner,1982-06-25,11.8242,7.941,14554,en,Science Fiction
594767,Shazam! Fury of the Gods,2023-03-15,11.0086,6.446,3502,en,Comedy
667538,Transformers: Rise of the Beasts,2023-06-06,12.3202,7.195,5107,en,Science Fiction
10195,Thor,2011-04-21,10.8949,6.769,21936,en,Adventure
398818,Call Me by Your Name,2017-07-28,12.1398,8.1,12521,en,Romance
801937,"Silent Night, Deadly Night",2025-12-11,11.1281,5.9,22,en,Horror
30974,High Lane,2009-06-24,12.3917,6.077,431,fr,Action
928358,Grand Jete,2022-09-20,11.8257,4.925,40,de,Drama
20453,3 Idiots,2009-12-23,9.6424,7.993,2588,hi,Drama
156022,The Equalizer,2014-09-24,13.258,7.282,9635,en,Thriller
949,Heat,1995-12-15,11.3366,7.925,7964,en,Crime
24,Kill Bill: Vol. 1,2003-10-10,10.8255,8.0,18390,en,Action
11836,The SpongeBob SquarePants Movie,2004-11-19,13.1065,7.061,3084,en,Family
210577,Gone Girl,2014-10-01,12.7226,7.889,19490,en,Mystery
424,Schindler's List,1993-12-15,13.1473,8.565,16932,en,Drama
333339,Ready Player One,2018-03-28,11.6716,7.585,16443,en,Adventure
645710,The Voyeurs,2021-08-25,10.993,6.5,1093,en,Thriller
1454308,The Pursuit of Lust 5,2025-03-23,9.6219,6.7,3,mn,Drama
290098,The Handmaiden,2016-06-01,13.3831,8.194,4121,ko,Thriller
34851,Predators,2010-07-07,11.617,6.296,4437,en,Science Fiction
11688,The Emperor's New Groove,2000-12-15,10.5115,7.6,7105,en,Adventure
11688,The Emperor's New Groove,2000-12-15,10.5115,7.6,7105,en,Adventure
664850,Here We Are: Notes for Living on Planet Earth,2020-04-16,12.5685,7.6,70,en,Animation
637649,Wrath of Man,2021-04-22,14.0093,7.588,5849,en,Thriller
977294,Tin Soldier,2025-05-22,11.6216,4.643,91,en,Action
14161,2012,2009-10-10,11.265,5.863,12427,en,Action
840464,Greenland 2: Migration,2026-01-07,11.6729,0.0,0,en,Adventure
1519168,The Jester 2,2025-09-15,11.9413,6.4,39,en,Horror
10591,The Girl Next Door,2004-04-09,13.0022,6.734,3859,en,Comedy
748783,The Garfield Movie,2024-04-30,12.7162,7.019,1370,en,Family
893694,Eva,2021-12-24,11.8866,5.1,20,tl,Drama
10147,Bad Santa,2003-11-26,10.6853,6.549,2294,en,Drama
1114967,Good Fortune,2025-10-14,12.0778,7.093,344,en,Comedy
37165,The Truman Show,1998-06-04,11.9926,8.149,19567,en,Comedy
11013,Secretary,2002-09-20,11.7859,6.788,1808,en,Romance
1242501,Icefall,2025-10-16,12.82,6.991,56,en,Action
70345,Sssssss,1973-07-06,11.7876,5.2,108,en,Horror
2024,The Patriot,2000-06-28,11.6509,7.185,4157,en,Drama
1306525,The Elixir,2025-10-22,11.4163,6.006,154,id,Horror
1311379,The Footballest 2,2025-08-08,11.1074,6.8,5,es,Family
324544,In the Lost Lands,2025-02-27,11.391,6.426,673,en,Action
72784,The Loft,2014-10-14,11.3215,6.4,1531,en,Thriller
121514,Miracolo italiano,1994-12-21,9.8993,4.0,30,it,Comedy
169,Predator 2,1990-11-21,11.7544,6.293,3625,en,Science Fiction
337167,Fifty Shades Freed,2018-01-17,12.7367,6.68,8253,en,Drama
975511,The Return,2024-11-28,9.4871,6.5,371,en,History
1357633,Solo Leveling -ReAwakening-,2024-11-26,12.061,7.038,248,ja,Action
1196207,The Night My Dad Saved Christmas 2,2025-12-05,11.633,5.762,22,es,Comedy
324786,Hacksaw Ridge,2016-10-07,11.9036,8.191,14480,en,Drama
23483,Kick-Ass,2010-03-26,10.8105,7.122,12103,en,Action
863,Toy Story 2,1999-10-30,11.9517,7.604,14521,en,Animation
878,The Punch Bowl,1944-01-28,10.6167,7.195,146,de,Comedy
207,Dead Poets Society,1989-06-02,10.6129,8.302,12113,en,Drama
321612,Beauty and the Beast,2017-03-16,12.7889,6.968,15852,en,Family
1202863,From Darkness,2024-03-22,11.584,6.406,16,sv,Horror
508442,Soul,2020-12-25,10.7517,8.101,11076,en,Animation
1352755,Maintenance Required,2025-10-07,10.9945,5.954,140,en,Romance
197,Braveheart,1995-05-24,10.5837,7.941,10756,en,Action
101,Léon: The Professional,1994-09-14,10.6608,8.299,15626,fr,Crime
809,Shrek 2,2004-05-19,13.2526,7.304,13076,en,Animation
1392796,Diary of a Wimpy Kid: The Last Straw,2025-12-04,11.6559,6.6,16,en,Animation
829560,The Next 365 Days,2022-08-18,11.0187,6.385,1274,pl,Romance
653346,Kingdom of the Planet of the Apes,2024-05-08,11.9928,7.056,4014,en,Science Fiction
330457,Frozen II,2019-11-20,11.0957,7.239,10096,en,Family
1281,Bean,1997-07-03,10.0645,6.466,2517,en,Family
49049,Dredd,2012-09-07,11.0339,6.854,5353,en,Action
1145221,It Feeds,2025-04-17,10.4482,6.837,166,en,Horror
5994,The Family Man,2000-12-12,11.5715,6.812,2113,en,Comedy
131631,The Hunger Games: Mockingjay - Part 1,2014-11-19,11.7436,6.817,16434,en,Science Fiction
838240,Robot Dreams,2023-12-06,9.806,7.991,734,es,Animation
70196,The Veteran,2011-04-29,11.0095,5.791,129,en,Action
12208,Casino Royale,1967-04-18,11.8458,5.262,789,en,Adventure
1137350,The Phoenician Scheme,2025-05-23,12.4755,6.593,696,en,Comedy
46738,Incendies,2010-09-17,11.869,8.107,3099,fr,Drama
377579,Gatao,2015-07-05,10.7351,5.167,6,zh,Crime
119343,Of Human Bondage,1946-07-05,5.9086,6.0,4,en,Romance
152601,Her,2013-12-18,11.232,7.844,14923,en,Romance
910571,Fair Play,2023-09-28,11.2531,6.315,581,en,Drama
1086260,The Astronaut,2025-09-26,13.6026,5.765,115,en,Science Fiction
20352,Despicable Me,2010-07-08,11.4602,7.254,15723,en,Family
39254,Real Steel,2011-09-28,11.7419,7.064,8854,en,Action
870028,The Accountant²,2025-04-23,10.8555,7.12,1522,en,Mystery
57158,The Hobbit: The Desolation of Smaug,2013-12-11,10.4119,7.574,13806,en,Fantasy
1401318,A Merry Little Ex-Mas,2025-11-12,10.4727,6.144,143,en,Romance
1265063,After the Hunt,2025-10-09,10.317,5.685,341,en,Drama
348893,Boyka: Undisputed IV,2016-08-01,12.3706,7.176,1414,en,Action
1269021,Wake,2024-05-23,10.7378,5.679,28,en,Horror
1226406,Love Hurts,2025-02-06,11.2922,5.703,317,en,Action
48579,My Sister in Law,1976-11-05,11.1826,5.3,34,en,Comedy
146451,Private Number 91-Karlsson,1946-09-02,10.5465,7.1,14,sv,Comedy
744,Top Gun,1986-05-16,11.4644,7.059,9225,en,Action
943542,Stealing Lust,2021-10-07,10.6122,3.5,2,en,Romance
505642,Black Panther: Wakanda Forever,2022-11-09,10.614,7.021,7161,en,Action
939335,Muzzle,2023-09-29,12.1764,6.483,320,en,Action
1062421,Sweet Dreams,2024-04-12,10.9941,5.2,31,en,Comedy
1117857,In Your Dreams,2025-11-07,10.9545,6.937,151,en,Animation
286217,The Martian,2015-09-30,12.4307,7.691,20668,en,Drama
1124620,The Monkey,2025-02-14,11.2336,6.003,1137,en,Horror
1081208,The Dogs,2025-06-13,11.144,6.87,27,en,Horror
1601195,Dave Chappelle: The Unstoppable...,2025-12-19,12.7353,7.167,21,en,Comedy
688,The Bridges of Madison County,1995-06-02,10.9246,7.706,2294,en,Drama
1117857,In Your Dreams,2025-11-07,10.9545,6.937,151,en,Animation
9778,Serendipity,2001-10-05,10.9485,6.9,2063,en,Comedy
48138,Unknown,2011-02-16,10.9399,6.684,4052,en,Action
1364608,Anemone,2025-10-02,10.9381,6.138,69,en,Drama
688,The Bridges of Madison County,1995-06-02,10.9246,7.706,2294,en,Drama
168259,Furious 7,2015-04-01,10.9146,7.22,11055,en,Action
242,The Godfather Part III,1990-12-25,10.911,7.418,6631,en,Crime
10195,Thor,2011-04-21,10.8949,6.769,21936,en,Adventure
1326106,Kaiju No. 8: Mission Recon,2025-03-28,10.8898,7.949,79,ja,Animation
408866,RE:BORN,2016-09-24,10.8764,7.1,241,ja,Action
12092,Alice in Wonderland,1951-07-28,10.8642,7.2,6132,en,Animation
870028,The Accountant²,2025-04-23,10.8555,7.12,1522,en,Mystery
1064028,Subservience,2024-08-15,10.8517,6.627,911,en,Science Fiction
1124,The Prestige,2006-10-17,10.8505,8.206,17043,en,Drama
1078023,The King of Snipers,2023-01-24,10.8501,5.6,10,zh,Action
72808,The Flesh,1991-05-09,10.8501,5.531,65,it,Drama
65974,La Mandarine,1972-03-17,10.8473,4.429,14,fr,Comedy
380,Rain Man,1988-12-12,10.8319,7.752,6799,en,Drama
24,Kill Bill: Vol. 1,2003-10-10,10.8255,7.969,18391,en,Action
13186,Wrong Turn 2: Dead End,2007-08-25,10.8168,6.139,1486,en,Horror
23483,Kick-Ass,2010-03-26,10.8105,7.122,12103,en,Action
93685,Swingers,2002-10-01,10.796,5.8,67,nl,Romance
298618,The Flash,2023-06-13,10.7865,6.623,4803,en,Action
490132,Green Book,2018-11-16,10.7858,8.225,12444,en,Drama
57800,Ice Age: Continental Drift,2012-06-27,10.7854,6.387,7926,en,Animation
654974,Home Sweet Home Alone,2021-11-11,10.7835,4.911,671,en,Family
3933,Corpse Bride,2005-09-12,10.7684,7.584,9924,en,Romance
146233,Prisoners,2013-09-19,10.7674,8.101,12628,en,Drama
881,A Few Good Men,1992-12-11,10.7643,7.5,3965,en,Drama
1571,Live Free or Die Hard,2007-06-20,10.7573,6.635,6152,en,Action
508442,Soul,2020-12-25,10.7517,8.101,11077,en,Animation
1339206,The Surrender,2025-11-06,10.7502,4.8,4,en,Drama
389,12 Angry Men,1957-04-10,10.7485,8.549,9603,en,Drama
556803,The Princess Switch,2018-10-25,10.741,6.992,2257,en,Romance
127585,X-Men: Days of Future Past,2014-05-15,10.7398,7.527,15925,en,Action
1269021,Wake,2024-05-23,10.7378,5.679,28,en,Horror
377579,Gatao,2015-07-05,10.7351,5.167,6,zh,Crime
1330421,Bone Lake,2025-10-02,10.7132,6.071,84,en,Horror
572802,Aquaman and the Lost Kingdom,2023-12-20,10.7071,6.561,3312,en,Action
1208808,Night Shift,2024-12-05,10.7036,6.364,177,es,Horror
1237082,31 Minutes: One Hot Christmas,2025-11-19,9.4628,7.534,29,es,Family
35,The Simpsons Movie,2007-07-25,11.5542,7.015,8355,en,Animation
1022796,Wish,2023-11-13,9.5855,6.249,1708,en,Animation
3933,Corpse Bride,2005-09-12,10.7684,7.584,9924,en,Romance
10625,Mean Girls,2004-04-30,9.1595,7.2,9248,en,Drama
102651,Maleficent,2014-05-28,11.0298,7.088,13511,en,Fantasy
298618,The Flash,2023-06-13,10.7865,6.622,4802,en,Action
36321,Money Movers,1978-10-24,5.7409,5.853,17,en,Action
1287322,Christy,2025-11-06,10.5787,7.417,42,en,History
12092,Alice in Wonderland,1951-07-28,10.8642,7.189,6132,en,Animation
93685,Swingers,2002-10-01,10.796,5.8,67,nl,Romance
605722,Long Distance,2024-07-12,11.0885,6.5,219,en,Science Fiction
522402,Finch,2021-11-04,11.1577,7.818,3797,en,Science Fiction
1126166,Flight Risk,2025-01-22,10.3375,5.973,1056,en,Action
1056803,Rascal Does Not Dream of a Sister Venturing Out,2023-06-23,11.0593,7.6,48,ja,Animation
1320414,The Witness,2025-04-04,10.4345,7.235,17,fa,Drama
1321624,731: Evil Unbound,2025-09-18,6.9563,5.5,13,zh,Drama
79871,Crazy Love,1993-04-17,9.4592,6.2,40,cn,Comedy
851644,20th Century Girl,2022-10-06,8.9774,8.1,779,ko,Romance
49046,All Quiet on the Western Front,2022-10-07,9.9343,7.724,4423,de,War
1126166,Flight Risk,2025-01-22,10.3375,5.962,1061,en,Action
281957,The Revenant,2015-12-25,10.5365,7.54,18853,en,Western
9753,Three,2005-11-16,10.5199,5.577,271,en,Adventure
11688,The Emperor's New Groove,2000-12-15,10.5115,7.6,7105,en,Adventure
1320414,The Witness,2025-04-04,10.4345,7.235,17,fa,Drama
1321624,731: Evil Unbound,2025-09-18,6.9563,5.5,13,zh,Drama
11360,Dumbo,1941-10-31,10.4927,7.0,5176,en,Animation
2105,American Pie,1999-07-09,10.4888,6.598,8057,en,Comedy
79871,Crazy Love,1993-04-17,9.4592,6.2,40,cn,Comedy
49046,All Quiet on the Western Front,2022-10-07,9.9343,7.724,4424,de,War
10527,Madagascar: Escape 2 Africa,2008-10-30,10.4707,6.524,7226,en,Adventure
1101401,Sugar Baby,2024-10-15,11.0349,6.3,19,en,Thriller
8920,Garfield,2004-06-10,10.4331,5.731,4168,en,Comedy
16716,A Christmas Carol,1999-12-05,10.4137,6.947,218,en,Drama
1579,Apocalypto,2006-12-07,10.3975,7.595,6004,en,Action
21778,RRRrrrr!!!,2004-01-28,10.3959,6.3,1223,fr,Comedy
760329,The Smashing Machine,2025-10-01,11.7576,6.559,320,en,History
433,Mary Poppins,1964-12-17,10.3747,7.554,4887,en,Comedy
926393,The Equalizer 3,2023-08-30,10.6056,7.291,3510,en,Action
10867,Malena,2000-03-16,10.3647,7.429,2417,it,Drama
1326106,Kaiju No. 8: Mission Recon,2025-03-28,10.8898,7.949,79,ja,Animation
146233,Prisoners,2013-09-19,10.7674,8.101,12627,en,Drama
502143,The Breaker Upperers,2018-03-10,6.5268,5.2,222,en,Comedy
14324,Virgin Territory,2007-12-17,11.0837,4.889,356,en,Adventure
2280,Big,1988-06-03,10.5956,7.181,3864,en,Fantasy
99567,On Approval,1944-05-22,6.7629,7.0,14,en,Comedy
656908,Ramayana: Part One,2026-11-06,9.8497,0.0,0,hi,Action
72808,The Flesh,1991-05-09,10.8501,5.531,65,it,Drama
13186,Wrong Turn 2: Dead End,2007-08-25,10.8168,6.139,1486,en,Horror
760104,X,2022-03-17,10.4403,6.731,3761,en,Horror
1452,Superman Returns,2006-06-28,8.6695,5.794,4435,en,Science Fiction
545611,Everything Everywhere All at Once,2022-03-24,10.5105,7.728,7508,en,Action
629542,The Bad Guys,2022-03-17,9.5992,7.5,2410,en,Family
281957,The Revenant,2015-12-25,10.5365,7.54,18853,en,Western
49521,Man of Steel,2013-06-12,10.4887,6.641,15832,en,Action
791373,Zack Snyder's Justice League,2021-03-18,10.1941,8.102,10528,en,Action
419116,Russian Mom,2016-07-28,10.9917,5.3,25,ko,Drama
1185528,Legends of the Condor Heroes: The Gallants,2025-01-29,11.0229,6.9,76,zh,Action
170,28 Days Later,2002-10-31,9.7101,7.236,8021,en,Horror
620,Ghostbusters,1984-06-08,9.8156,7.5,9466,en,Comedy
423108,The Conjuring: The Devil Made Me Do It,2021-05-25,10.3287,7.374,6364,en,Horror
1265063,After the Hunt,2025-10-09,10.317,5.685,341,en,Drama
259316,Fantastic Beasts and Where to Find Them,2016-11-16,10.3162,7.311,19381,en,Fantasy
284053,Thor: Ragnarok,2017-10-02,10.3094,7.583,21585,en,Action
930094,"Red, White & Royal Blue",2023-07-27,10.3038,7.943,1469,en,Comedy
187017,22 Jump Street,2014-06-05,10.2831,6.827,8290,en,Crime
1400382,Predators,2025-09-19,10.2811,6.3,17,en,Documentary
64084,Scorned,1993-07-14,10.2777,5.222,45,en,Drama
10536,The Italian Job,1969-06-02,10.2736,7.0,817,en,Action
10764,Quantum of Solace,2008-10-29,10.2524,6.336,8273,en,Adventure
1310458,Saayavanam,2025-12-19,10.2499,0.0,0,ta,Thriller
612503,Subway Sadie,1926-09-12,10.2447,0.0,0,en,Romance
13161,Big Stan,2007-11-03,10.2259,6.591,977,en,Comedy
32657,Percy Jackson & the Olympians: The Lightning Thief,2010-02-01,10.2221,6.21,7690,en,Adventure
2330,Taxi,1998-04-08,10.215,6.713,2624,fr,Action
801335,Girl in the Basement,2021-02-27,10.2134,7.6,802,en,Thriller
1149912,Kelas Bintang - Hot Moms,2023-02-09,10.2056,6.0,25,id,Drama
438695,Sing 2,2021-12-01,10.1966,7.835,4669,en,Family
791373,Zack Snyder's Justice League,2021-03-18,10.1941,8.102,10529,en,Action
1233066,Manitou's Canoe,2025-08-14,10.1848,6.911,101,de,Comedy
8195,Ronin,1998-09-25,10.0599,6.963,2541,en,Action
329865,Arrival,2016-11-10,13.2289,7.6,18810,en,Drama
64084,Scorned,1993-07-14,10.2777,5.222,45,en,Drama
672322,Rurouni Kenshin: The Beginning,2021-06-04,9.9125,7.65,514,ja,Action
1398418,Moving In,2013-01-01,9.3668,0.0,0,en,Horror
1561498,Sem Break,2025-10-24,9.4842,0.0,0,tl,Drama
1059673,Avatar: The Deep Dive - A Special Edition of 20/20,2022-12-13,9.1275,7.1,86,en,Documentary
313369,La La Land,2016-12-01,9.8183,7.897,17693,en,Comedy
1208808,Night Shift,2024-12-05,10.7036,6.364,177,es,Horror
1417,Pan's Labyrinth,2006-10-11,10.1261,7.757,11161,es,Fantasy
166668,Raw Target,1995-03-05,10.0769,2.0,2,en,Action
1429,25th Hour,2002-12-19,8.8305,7.322,2484,en,Crime
368412,Found Money,1983-12-19,8.8002,0.0,0,en,Comedy
9340,The Goonies,1985-06-07,9.5769,7.511,6037,en,Adventure
506053,Gatao 2: Rise of the King,2018-02-14,9.3242,5.563,16,zh,Action
284054,Black Panther,2018-02-13,9.6265,7.365,23024,en,Action
380,Rain Man,1988-12-12,10.8319,7.752,6799,en,Drama
1398655,Blue Film,2025-08-16,11.8113,0.0,0,en,Drama
1072790,Anyone But You,2023-12-21,9.8002,6.8,2828,en,Romance
9444,Anastasia,1997-11-20,9.4676,7.606,5506,en,Animation
9470,Kung Fu Hustle,2004-02-10,9.0984,7.477,3033,cn,Action
235,Stand by Me,1986-08-08,10.6947,7.849,6258,en,Crime
1409235,The Illusioned Ones,2025-01-10,9.9119,5.4,7,tl,Drama
1314754,Trail of Vengeance,2025-05-23,8.7712,4.125,4,en,Western
14926,Uptown Girls,2003-08-15,9.2233,6.879,1020,en,Comedy
635302,Demon Slayer -Kimetsu no Yaiba- The Movie: Mugen Train,2020-10-16,9.5681,8.208,4345,ja,Animation
82690,Wreck-It Ralph,2012-11-01,10.5384,7.352,12803,en,Family
1366,Rocky,1976-11-20,9.9096,7.792,8345,en,Drama
581,Dances with Wolves,1990-03-30,9.5094,7.837,4530,en,Adventure
1136867,Materialists,2025-06-12,11.2991,6.474,931,en,Romance
1571,Live Free or Die Hard,2007-06-20,10.7573,6.635,6152,en,Action
8077,Alien³,1992-05-22,9.277,6.375,6148,en,Science Fiction
1214130,Stitch Head,2025-10-16,10.6496,7.0,21,en,Animation
1579,Apocalypto,2006-12-07,10.3975,7.595,6004,en,Action
324552,John Wick: Chapter 2,2017-02-08,9.7659,7.339,13850,en,Action
4232,Scream,1996-12-20,10.0749,7.423,7586,en,Crime
1140535,Presence,2025-01-17,9.7135,6.096,638,en,Horror
1233575,Black Bag,2025-03-12,9.5048,6.338,1011,en,Drama
812037,Last Summer,2023-09-13,9.9273,6.1,234,fr,Drama
168259,Furious 7,2015-04-01,10.9146,7.22,11055,en,Action
121514,Miracolo italiano,1994-12-21,9.8993,4.0,30,it,Comedy
7131,Van Helsing,2004-05-03,9.892,6.384,6361,en,Horror
10193,Toy Story 3,2010-06-16,9.8896,7.804,15340,en,Animation
49292,Animal Instincts,1992-10-21,9.8853,4.9,47,en,Drama
447277,The Little Mermaid,2023-05-18,9.8844,6.289,3207,en,Adventure
8392,My Neighbor Totoro,1988-04-16,9.8798,8.064,8509,ja,Fantasy
763164,Apex,2021-11-12,9.866,5.14,592,en,Action
764,The Evil Dead,1981-10-15,9.8622,7.276,4309,en,Horror
656908,Ramayana: Part One,2026-11-06,9.8497,0.0,0,hi,Action
10198,The Princess and the Frog,2009-12-08,9.8496,7.214,5953,en,Animation
587792,Palm Springs,2020-07-10,9.8307,7.334,3488,en,Comedy
10530,Pocahontas,1995-06-16,9.8252,6.912,5939,en,Adventure
313369,La La Land,2016-12-01,9.8183,7.897,17693,en,Comedy
620,Ghostbusters,1984-06-08,9.8156,7.5,9466,en,Comedy
11448,Mighty Aphrodite,1995-09-13,9.8125,6.713,722,en,Comedy
117263,Olympus Has Fallen,2013-03-20,9.8093,6.414,6895,en,Action
287424,Maggie,2015-05-08,9.8082,5.4,1649,en,Horror
838240,Robot Dreams,2023-12-06,9.806,7.991,734,es,Animation
1072790,Anyone But You,2023-12-21,9.8002,6.8,2828,en,Romance
37799,The Social Network,2010-10-01,9.7993,7.371,12798,en,Drama
62177,Brave,2012-06-21,9.7965,7.02,13878,en,Animation
214756,Ted 2,2015-06-25,9.7844,6.316,7820,en,Comedy
665,Ben-Hur,1959-11-18,9.7751,7.887,2994,en,History
508947,Turning Red,2022-03-10,9.7674,7.327,5615,en,Animation
324552,John Wick: Chapter 2,2017-02-08,9.7659,7.339,13850,en,Action
539,Psycho,1960-06-22,9.7575,8.42,10684,en,Horror
1585476,Kevin Costner Presents: The First Christmas,2025-12-09,9.7568,7.6,5,en,Documentary
19913,(500) Days of Summer,2009-07-17,9.7565,7.296,10728,en,Comedy
311,Once Upon a Time in America,1984-05-23,9.7472,8.396,5817,en,Drama
11011,Ri¢hie Ri¢h,1994-12-19,9.7429,5.9,2360,en,Comedy
13461,Melissa P.,2005-11-18,9.7361,4.608,583,it,Drama
1724,The Incredible Hulk,2008-06-12,9.736,6.228,12384,en,Science Fiction
1102776,AKA,2023-04-28,9.7324,6.86,668,fr,Action
882569,Guy Ritchie's The Covenant,2023-04-19,9.7277,7.728,2984,en,War
588228,The Tomorrow War,2021-09-03,9.7271,7.5,3902,en,Action
1140535,Presence,2025-01-17,9.7135,6.096,638,en,Horror
170,28 Days Later,2002-10-31,9.7101,7.236,8022,en,Horror
608812,Handjob Cabin,2015-10-06,9.7046,7.1,12,en,Horror
2056,The Station Agent,2003-12-05,9.7045,7.359,740,en,Drama
420817,Aladdin,2019-05-22,9.704,7.091,10432,en,Adventure
9043,The Family Stone,2005-12-15,8.1219,6.286,1093,en,Comedy
423108,The Conjuring: The Devil Made Me Do It,2021-05-25,10.3287,7.374,6363,en,Horror
509967,6 Underground,2019-12-10,9.4205,6.338,5013,en,Action
504056,Big Brother,2018-08-16,9.6753,7.345,214,zh,Action
9552,The Exorcist,1973-12-26,11.0831,7.739,8383,en,Horror
1290190,Lokah Chapter 1: Chandra,2025-08-28,10.3995,7.264,36,ml,Action
252,Willy Wonka & the Chocolate Factory,1971-06-29,9.9138,7.484,3819,en,Family
30484,Warrior Queen,1987-01-26,8.1743,3.5,32,en,Action
11224,Cinderella,1950-02-22,9.9243,7.044,6987,en,Family
539,Psycho,1960-06-22,9.7575,8.42,10684,en,Horror
1133651,Twelve,2001-10-11,8.5165,0.0,0,en,Horror
969492,Land of Bad,2024-02-09,8.6836,7.27,1388,en,Action
161,Ocean's Eleven,2001-12-07,9.6887,7.453,12202,en,Thriller
372921,Mutual Relations,2015-12-01,8.9895,6.5,19,ko,Comedy
72190,World War Z,2013-06-19,10.0199,6.825,16121,en,Action
63755,Der Pauker,1958-10-03,8.6281,6.5,5,de,Comedy
34806,The Back-Up Plan,2010-04-23,8.6489,6.135,1457,en,Comedy
11062,City Hall,1996-02-16,8.1194,5.925,305,en,Drama
679,Aliens,1986-07-18,10.6715,7.955,10485,en,Action
109418,Grown Ups 2,2013-07-11,9.3179,6.144,4544,en,Comedy
891699,Silent Night,2023-11-30,8.6267,6.175,895,en,Action
1522923,Safe House,2025-10-30,9.4863,6.91,39,en,Action
43347,Love & Other Drugs,2010-11-22,9.1583,7.038,5450,en,Drama
36586,Blade II,2002-03-22,9.6313,6.556,5044,en,Fantasy
1290182,You Are the Apple of My Eye,2025-02-21,10.0287,8.5,48,ko,Romance
587792,Palm Springs,2020-07-10,9.8307,7.334,3488,en,Comedy
48650,Room in Rome,2010-05-07,12.4446,6.436,802,es,Drama
412092,Mom's Friend 2,2016-09-01,9.3136,6.1,15,ko,Romance
968051,The Nun II,2023-09-06,10.0778,6.662,2375,en,Horror
77412,Romance,1930-08-20,8.3445,6.235,17,en,Drama
842924,The Life of Chuck,2025-06-05,9.4947,7.3,629,en,Fantasy
65974,La Mandarine,1972-03-17,10.8473,4.429,14,fr,Comedy
524047,Greenland,2020-07-29,10.6307,7.123,4853,en,Action
10674,Mulan,1998-06-18,10.0556,7.902,10196,en,Animation
580175,Another Round,2020-09-24,8.1944,7.634,3600,da,Comedy
1572,Die Hard: With a Vengeance,1995-05-19,9.3742,7.276,6447,en,Action
9753,Three,2005-11-16,10.5199,5.577,271,en,Adventure
7131,Van Helsing,2004-05-03,9.892,6.384,6361,en,Horror
327833,Skin Trade,2014-11-07,8.0865,6.051,287,en,Thriller
1005331,Carry-On,2024-12-05,11.4592,6.894,2536,en,Thriller
82702,How to Train Your Dragon 2,2014-06-05,10.1051,7.677,10151,en,Fantasy
383498,Deadpool 2,2018-05-15,9.0346,7.5,18797,en,Action
62177,Brave,2012-06-21,9.7965,7.02,13877,en,Animation
9693,Children of Men,2006-09-22,7.4357,7.611,7576,en,Drama
21778,RRRrrrr!!!,2004-01-28,10.3959,6.3,1223,fr,Comedy
10193,Toy Story 3,2010-06-16,9.8896,7.804,15339,en,Animation
8920,Garfield,2004-06-10,10.4331,5.731,4168,en,Comedy
384018,Fast & Furious Presents: Hobbs & Shaw,2019-07-31,10.0389,6.8,7567,en,Action
11775,Intolerable Cruelty,2003-10-10,9.4242,5.948,1597,en,Comedy
274167,Daddy's Home,2015-12-25,9.1326,6.291,3344,en,Comedy
1091,The Thing,1982-06-25,9.0489,8.069,7598,en,Horror
16295,Higher Learning,1995-01-11,8.9701,6.307,231,en,Drama
164,Breakfast at Tiffany's,1961-10-06,7.3909,7.628,4382,en,Comedy
746036,The Fall Guy,2024-04-24,9.1118,6.978,3400,en,Action
717980,Sharper,2023-02-10,9.0896,6.871,638,en,Thriller
1064375,Paradox Effect,2024-06-27,7.2616,5.5,67,en,Action
1377505,Spithood,2024-10-25,8.0159,5.2,14,en,Horror
299054,Expend4bles,2023-09-15,9.7018,6.1,1781,en,Action
1325678,Sarah's Oil,2025-11-06,7.4972,7.792,24,en,Drama
1003598,Avengers: Secret Wars,2027-12-16,8.8576,0.0,0,en,Science Fiction
81530,Blackrock,1997-05-01,9.3468,5.346,13,en,Drama
1352528,Single Salma,2025-10-31,9.3385,10.0,1,hi,Comedy
12193,Four Christmases,2008-11-26,9.3284,5.822,1218,en,Comedy
1088166,Relay,2025-08-21,9.3281,7.068,220,en,Action
377,A Nightmare on Elm Street,1984-11-09,9.3253,7.337,5530,en,Horror
506053,Gatao 2: Rise of the King,2018-02-14,9.3242,5.563,16,zh,Action
493922,Hereditary,2018-06-07,9.3224,7.29,8268,en,Horror
23823,Wrong Turn 3: Left for Dead,2009-10-08,9.322,5.7,1232,en,Horror
322,Mystic River,2003-10-08,9.3201,7.742,7182,en,Thriller
109418,Grown Ups 2,2013-07-11,9.3179,6.144,4544,en,Comedy
412092,Mom's Friend 2,2016-09-01,9.3136,6.1,15,ko,Romance
324183,Ghost Mountaineer,2015-11-27,9.3121,5.1,21,et,Mystery
661286,The Summers of It – Chapter One: You'll Float Too,2019-12-10,9.2955,8.3,24,en,Documentary
140607,Star Wars: The Force Awakens,2015-12-15,9.2918,7.255,20136,en,Adventure
792,Platoon,1986-12-19,9.2894,7.745,4889,en,Drama
1368,First Blood,1982-10-22,9.2864,7.496,6660,en,Action
21407,The Collector,2009-07-09,9.284,6.612,1596,en,Horror
1148713,The Courier,2024-01-19,9.2833,6.4,165,es,Thriller
1135303,The Senior,2025-09-18,9.2794,6.605,19,en,Drama
8077,Alien³,1992-05-22,9.277,6.375,6148,en,Science Fiction
